Phrase,African American,Progressive,Conservative,Islam,Christianity,Latinx,LGBTQ,Army,Police,American South,Anti-Immigrant,Gun Rights,Patriotism,Memes,Products,Native American,Unknown,Geographic,Other
Black Power. Racial equality,African American,,,,,,,,,,,,,,,,,,
Proud to be A Muslim oMuslim Brotherhood,,,,Islam,,,,,,,,,,,,,,,
Confederate Flag,,,,,,,,,,American South,,,,,,,,,
African-American Civil Rights Movem(1954-68),African American,,,,,,,,,,,,,,,,,,
California African American Museum,African American,,,,,,,,,,,,,,,,,,
Cherokee Nation,,,,,,,,,,,,,,,,Native American,,,
Law enforcement agency,,,,,,,,,Police,,,,,,,,,,
FallPolice Officers,,,,,,,,,Police,,,,,,,,,,
JesuDaily,,,,,Christianity,,,,,,,,,,,,,,
Mem,,,,,,,,,,,,,,Memes,,,,,
Self-defense,,,,,,,,,,,,,,,,,Unknown,,Self-Defense
Police officer,,,,,,,,,Police,,,,,,,,,,
Stop Illegal Immigratio,,,,,,,,,,,Anti-Immigrant,,,,,,,,
Sons of Confederate Veterans,,,,,,,,Army,,American South,,,,,,,,,
Americans for Prosperity,,,Conservative,,,,,,,,,,,,,,,,
School: St. Edward's University,,,,,,,,,,,,,,,,,,Geographic,
2nd Amendment,,,,,,,,,,,,Gun Rights,,,,,,,
Indiana,,,,,,,,,,,,,,,,,,Geographic,
Iraq andAfghanistan Veterans of America,,,,,,,,Army,,,,,,,,,,,
Officer Down Memorial Page,,,,,,,,,Police,,,,,,,,,,
Rosa Parks,African American,,,,,,,,,,,,,,,,,,
Martin Luther King 111,African American,,,,,,,,,,,,,,,,,,
Behaviors: African American(US),African American,,,,,,,,,,,,,,,,,,
Muslims Are Not Terrorists,,,,Islam,,,,,,,,,,,,,,,
Friends of connections.Friends of people who are connected to Williams&Kalvi,African American,,,,,,,,,,,,,,,,,,
Muhammad Ali,African American,,,,,,,,,,,,,,,,,,
Major general (United States),,,,,,,,Army,,,,,,,,,,,
Paralyzed Veterans of America,,,,,,,,Army,,,,,,,,,,,
Traditional black gospel,African American,,,,Christianity,,,,,,,,,,,,,,
ITunes,,,,,,,,,,,,,,,Products,,,,
Black Power.. Fight the Power,African American,,,,,,,,,,,,,,,,,,
Civil and political rights,,,,,,,,,,,,,,,,,,,
The SecondAmendment,,,,,,,,,,,,Gun Rights,,,,,,,
Black history,African American,,,,,,,,,,,,,,,,,,
Nelson Mandela,African American,,,,,,,,,,,,,,,,,,
People who like United Muslims of America. Friends ofconnections: Friends of people who are connected to United Muslims of America,,,,Islam,,,,,,,,,,,,,,,
United States presidential election,,,,,,,,,,,,,,,,,Unknown,,
Open carry in the United States,,,,,,,,,,,,Gun Rights,,,,,,,
African-American Civil Rights Movement (1954-68),African American,,,,,,,,,,,,,,,,,,
Musa alKadhim. Sharia,,,,Islam,,,,,,,,,,,,,,,
BMW,,,,,,,,,,,,,,,Products,,,,
Ulama,,,,Islam,,,,,,,,,,,,,,,
Mary in Islam,,,,Islam,Christianity,,,,,,,,,,,,,,
. Interests: 2nd Amendment,,,,,,,,,,,,Gun Rights,,,,,,,
I Have a Dream,African American,,,,,,,,,,,,,,,,,,
Hispanic american culture. Chicano Movemor La Raza,,,,,,Latinx,,,,,,,,,,,,,
Protect the Second Amendment,,,,,,,,,,,,Gun Rights,,,,,,,
East Bay Continuing Education,,,,,,,,,,,,,,,,,,Geographic,
Black AMovement. Fight the Power,African American,,,,,,,,,,,,,,,,,,
Vietnam Veterans Memorial Fund,,,,,,,,Army,,,,,,,,,,,
Abraham in Islam,,,,Islam,,,,,,,,,,,,,,,
Military,,,,,,,,Army,,,,,,,,,,,
Medgar Evers,African American,,,,,,,,,,,,,,,,,,
Equal opportunity,,Progressive,,,,,,,,,,,,,,,,,
Muhammad al-Bagir,,,,Islam,,,,,,,,,,,,,,,
Job title: Coal Miner,,,,,,,,,,,,,,,,,Unknown,,
Bill O'Reilly (political commentator),,,Conservative,,,,,,,,,,,,,,,,
Kaaba,,,,Islam,,,,,,,,,,,,,,,
Lieutenant commander,,,,,,,,Army,,,,,,,,,,,
Reason (magazine),,,Conservative,,,,,,,,,,,,,,,,
African-American history. AngelaDavis,African American,,,,,,,,,,,,,,,,,,
Tax,,,,,,,,,,,,,,,,,Unknown,,
Facebook access (mobile): all mobile devices,,,,,,,,,,,,,,,,,Unknown,,
Welfare state,,,,,,,,,,,,,,,,,Unknown,,
d 542 Reactions 48 Comments 11111 Like  * Comment,,,,,,,,,,,,,,,,,Unknown,,
d 345 Reactions 22 Comments 116 Like  * Comment,,,,,,,,,,,,,,,,,Unknown,,
Students for Concealed Carry,,,,,,,,,,,,Gun Rights,,,,,,,
Detroi,,,,,,,,,,,,,,,,,,Geographic,
Michelle Malkin,,,Conservative,,,,,,,,,,,,,,,,
Turkey,,,,,,,,,,,,,,,,,Unknown,,
Rand Paul,,,Conservative,,,,,,,,,,,,,,,,
Confederate States ofAmerica,,,,,,,,,,American South,,,,,,,,,
I Love the USA. Proud to be an American,,,,,,,,,,,,,Patriotism,,,,,,
Concerned Veterans for America,,,,,,,,Army,,,,,,,,,,,
Native American civil rights,,,,,,,,,,,,,,,,Native American,,,
Robert E. Lee,,,,,,,,,,American South,,,,,,,,,
United StaCongress,,,,,,,,,,,,,,,,,Unknown,,
People who like Secured Borders,,,,,,,,,,,Anti-Immigrant,,,,,,,,
World Day of Social Justice,,Progressive,,,,,,,,,,,,,,,,,
National Police WivAssociation,,,,,,,,,Police,,,,,,,,,,
Selfdefense (United States),,,,,,,,,,,,,,,,,Unknown,,Self-Defense
African-American CivilRights Movement(1954-68),African American,,,,,,,,,,,,,,,,,,
Native American music,,,,,,,,,,,,,,,,Native American,,,
Kwame Nkrumah,African American,,,,,,,,,,,,,,,,,,
United Daughters of the Confederacy,,,,,,,,,,American South,,,,,,,,,
Culture,,,,,,,,,,,,,,,,,Unknown,,
Lutheranism,,,,,Christianity,,,,,,,,,,,,,,
Facebook access (mobile): all mobile devicJob title: Combat medic,,,,,,,,Army,,,,,,,,,,,
Veterans United Network,,,,,,,,Army,,,,,,,,,,,
Word of Faith,,,,,Christianity,,,,,,,,,,,,,,
African-American history. SyriaNews,African American,,,,,,,,,,,,,,,,,,
Friends of connectioFriends of people who are connected to Born Liberal,,Progressive,,,,,,,,,,,,,,,,,
Grooveshark,,,,,,,,,,,,,,,Products,,,,
Elections in the United States,,,,,,,,,,,,,,,,,Unknown,,
Tea Party Patriots,,,Conservative,,,,,,,,,,,,,,,,
Texas Deer Hunting,,,,,,,,,,,,,,,,,Unknown,Geographic,Texas
Abu Talib ibn Abdul-Muttalib,,,,Islam,,,,,,,,,,,,,,,
CatoInstitute,,,Conservative,,,,,,,,,,,,,,,,
Politics andsocial issues,,,,,,,,,,,,,,,,,Unknown,,
Federal Bureau of Prisons,,,,,,,,,,,,,,,,,,,Prison
Friends ofconnections: Friends of people who are connected to Secured Borders,,,,,,,,,,,Anti-Immigrant,,,,,,,,
Muslim BrotherhoodConnections: People who like United Muslims of America,,,,Islam,,,,,,,,,,,,,,,
Black Pow,African American,,,,,,,,,,,,,,,,,,
African-American history,African American,,,,,,,,,,,,,,,,,,
Abu Eesa Niamatullah,,,,Islam,,,,,,,,,,,,,,,
National security,,,Conservative,,,,,,,,,,,,,,,,
Veterans Day,,,,,,,,Army,,,,,,,,,,,
CollegeHumor,,,,,,,,,,,,,,Memes,,,,,
2nd Amendm,,,,,,,,,,,,Gun Rights,,,,,,,
Reddit,,,,,,,,,,,,,,Memes,,,,,
Flags of the ConfederaStates of America,,,,,,,,,,American South,,,,,,,,,
RomaCatholic devotions,,,,,Christianity,,,,,,,,,,,,,,
Cato Institu,,,Conservative,,,,,,,,,,,,,,,,
Association of Chief Police Officers,,,,,,,,,Police,,,,,,,,,,
Native News Online,,,,,,,,,,,,,,,,Native American,,,
Native American Times,,,,,,,,,,,,,,,,Native American,,,
Illegal immigration,,,,,,,,,,,Anti-Immigrant,,,,,,,,
People who like Memopolis. Friends of connectioFriends of people who are connected to Memopolis,,,,,,,,,,,,,,Memes,,,,,
Anti-Racist Action,,Progressive,,,,,,,,,,,,,,,,,
Muslims Are Not Terrorists. Islamism,,,,Islam,,,,,,,,,,,,,,,
Guns & Ammo,,,,,,,,,,,,Gun Rights,,,,,,,
Prison Fellowship,,,,,,,,,,,,,,,,,Unknown,,Prison
National Police Wves Association,,,,,,,,,Police,,,,,,,,,,
Racial equality,,Progressive,,,,,,,,,,,,,,,,,
Martin Luther King III,African American,,,,,,,,,,,,,,,,,,
Dysfunctional Veterans,,,,,,,,Army,,,,,,,,,,,
Black Consciousness Movement,African American,,,,,,,,,,,,,,,,,,
People who like Williams&Kalvin,African American,,,,,,,,,,,,,,,,,,
African-AmericaCivil Rights Movement (1954-68),African American,,,,,,,,,,,,,,,,,,
Southern Pride,,,,,,,,,,American South,,,,,,,,,
Bernie Sand,,Progressive,,,,,,,,,,,,,,,,,
Cherokee language,,,,,,,,,,,,,,,,Native American,,,
The Thin Blue Line (emblem),,,,,,,,,Police,,,,,,,,,,
Justice(band),,,,,,,,,,,,,,,Products,,,,
LawEnforcement Today,,,,,,,,,Police,,,,,,,,,,
Protestantism oPresbyterianism,,,,,Christianity,,,,,,,,,,,,,,
African-American Civil RighMovement(1954-68),African American,,,,,,,,,,,,,,,,,,
End Slavery Now,African American,,,,,,,,,,,,,,,,,,
So Mexican,,,,,,Latinx,,,,,,,,,,,,,
100 Percent FED Up,,,Conservative,,,,,,,,,,,,,,,,
National Association for Gun Rights,,,,,,,,,,,,Gun Rights,,,,,,,
Fly the American Flag. America the Beautiful,,,,,,,,,,,,,Patriotism,,,,,,
The Veterans Site,,,,,,,,Army,,,,,,,,,,,
Copwatch Rodney King,African American,,,,,,,,Police,,,,,,,,,,
Tea Party movement,,,Conservative,,,,,,,,,,,,,,,,
Yoga,,,,,,,,,,,,,,,Products,,,,
Imam Ali Mosque,,,,Islam,,,,,,,,,,,,,,,
Broad-Based Black Economic Empowerment,African American,,,,,,,,,,,,,,,,,,
Justice,,,,,,,,,,,,,,,Products,,,,
Muhammad al-Baqir,,,,Islam,,,,,,,,,,,,,,,
Friends of connectioFriends of people who are connected to Stop A. I.,,,,,,,,,,,Anti-Immigrant,,,,,,,,
Blackpanther,African American,,,,,,,,,,,,,,,,,,
Criminal justice,,,,,,,,,Police,,,,,,,,,,
Safety,,,,,,,,,,,,,,,,,Unknown,,
Concealed carry,,,,,,,,,,,,Gun Rights,,,,,,,
AfricanAmerican culture,African American,,,,,,,,,,,,,,,,,,
Gun Owners of America,,,,,,,,,,,,Gun Rights,,,,,,,
HuffPost Politics oHuffPost Black Voices,African American,,,,,,,,,,,,,,,,,,
Martial arts,,,,,,,,,,,,,,,,,Unknown,,Self-Defense
Copwatch,,,,,,,,,Police,,,,,,,,,,
Daughters of the Republic of Texas,,,,,,,,,,,,,,,,,,Geographic,Texas
Same-sex marriage in the United States,,,,,,,LGBTQ,,,,,,,,,,,,
Liberalismor Democratic Party (United States),,Progressive,,,,,,,,,,,,,,,,,
Latin hip hop,,,,,,Latinx,,,,,,,,,,,,,
BEINGBLACK!!!,African American,,,,,,,,,,,,,,,,,,
Gun Owners ofAmerica,,,,,,,,,,,,Gun Rights,,,,,,,
Texas Secession,,,,,,,,,,,,,,,,,Unknown,Geographic,Texas
Native AmericaIndian Wisdom,,,,,,,,,,,,,,,,Native American,,,
Gun Rights,,,,,,,,,,,,Gun Rights,,,,,,,
African-American CivilRights Movement (1954-68),African American,,,,,,,,,,,,,,,,,,
Automobiles,,,,,,,,,,,,,,,Products,,,,
Texas Got It Right,,,,,,,,,,,,,,,,,,Geographic,Texas
Incarceration in the UnitedStates,,,,,,,,,,,,,,,,,,,Prison
Bernie Sanders,,Progressive,,,,,,,,,,,,,,,,,
Hispanidad,,,,,,Latinx,,,,,,,,,,,,,
Friends of connections: Friends ofpeople who are connected to BM,African American,,,,,,,,,,,,,,,,,,
Immigration law,,,,,,,,,,,Anti-Immigrant,,,,,,,,
Hijra (Islam). Prophet,,,,Islam,,,,,,,,,,,,,,,
Tshirt,,,,,,,,,,,,,,,Products,,,,
Ali. Fatimah,,,,Islam,,,,,,,,,,,,,,,
University of Wisconsin-Madison,,,,,,,,,,,,,,,,,,Geographic,
La Raza,,,,,,Latinx,,,,,,,,,,,,,
African-American history. Police brutality in the United States,African American,,,,,,,,,,,,,,,,,,
Behaviors: Facebook access (browser): Firefox,,,,,,,,,,,,,,,,,Unknown,,
The Bible (TV miniseries),,,,,Christianity,,,,,,,,,,,,,,
Presbyterianism,,,,,Christianity,,,,,,,,,,,,,,
Facebook access (browser): Chrome,,,,,,,,,,,,,,,,,Unknown,,
Mumia AbuJamal,African American,,,,,,,,,,,,,,,,,,
Conservative News Today,,,Conservative,,,,,,,,,,,,,,,,
Black Owned Business Network,African American,,,,,,,,,,,,,,,,,,
SecondAmendment Supporters,,,,,,,,,,,,Gun Rights,,,,,,,
Say To No Racism,,Progressive,,,,,,,,,,,,,,,,,
conservativdaily,,,Conservative,,,,,,,,,,,,,,,,
Open carry in thUnited States,,,,,,,,,,,,Gun Rights,,,,,,,
People who like BM,African American,,,,,,,,,,,,,,,,,,
African-American history. Malcolm X,African American,,,,,,,,,,,,,,,,,,
Family,,,,,,,,,,,,,,,,,Unknown,,
People who like Stop A.I.,,,,,,,,,,,Anti-Immigrant,,,,,,,,
Law enforcement,,,,,,,,,Police,,,,,,,,,,
Black History Month,African American,,,,,,,,,,,,,,,,,,
Muhammad,,,,Islam,,,,,,,,,,,,,,,
Meme Center,,,,,,,,,,,,,,Memes,,,,,
Transgenderism,,,,,,,LGBTQ,,,,,,,,,,,,
American Patriot,,,,,,,,,,,,,Patriotism,,,,,,
Texa,,,,,,,,,,,,,,,,,,Geographic,Texas
AfricanAmerican history. Say To No Racism,African American,,,,,,,,,,,,,,,,,,
Cracked.com,,,,,,,,,,,,,,Memes,,,,,
My Black is Beautiful,African American,,,,,,,,,,,,,,,,,,
Police,,,,,,,,,Police,,,,,,,,,,
Black history. AfricanAmerican Civil Rights Movement(1954-68),African American,,,,,,,,,,,,,,,,,,
AfricanAmerican history,African American,,,,,,,,,,,,,,,,,,
Shazam (service),,,,,,,,,,,,,,,Products,,,,
Gay pride,,,,,,,LGBTQ,,,,,,,,,,,,
State police,,,,,,,,,Police,,,,,,,,,,
Preserve our right to keep and bear arms,,,,,,,,,,,,Gun Rights,,,,,,,
lmgur,,,,,,,,,,,,,,Memes,,,,,
Personal Defense Network,,,,,,,,,,,,,,,,,Unknown,,Self-Defense
Knowing Jesus,,,,,Christianity,,,,,,,,,,,,,,
Police commissioner,,,,,,,,,Police,,,,,,,,,,
New Black Panther Party,African American,,,,,,,,,,,,,,,,,,
Pan Africanist Congress of Azania,African American,,,,,,,,,,,,,,,,,,
Hog HuntingTexas Style,,,,,,,,,,,,,,,,,Unknown,Geographic,Texas
Martin LuthKing,African American,,,,,,,,,,,,,,,,,,
Vevo,,,,,,,,,,,,,,,Products,,,,
Friends of connectioFriends of people who are connected to Stop A.1.,,,,,,,,,,,Anti-Immigrant,,,,,,,,
Antidiscrimination,,Progressive,,,,,,,,,,,,,,,,,
Muslim Youth,,,,Islam,,,,,,,,,,,,,,,
Donald Trump for President,,,Conservative,,,,,,,,,,,,,,,,
Baptism of Jesus,,,,,Christianity,,,,,,,,,,,,,,
Filming Cops,,Progressive,,,,,,,,,,,,,,,,,
Protect the SecondAmendment,,,,,,,,,,,,Gun Rights,,,,,,,
Democratic Party (United States),,Progressive,,,,,,,,,,,,,,,,,
African American Museum in Philadelphia,African American,,,,,,,,,,,,,,,,,,
Redneck Nation,,,Conservative,,,,,,,,,,,,,,,,
LGBT righby country,,,,,,,LGBTQ,,,,,,,,,,,,
Disabled American Veterans,,,,,,,,Army,,,,,,,,,,,
Texas Gun Talk,,,,,,,,,,,,Gun Rights,,,,,,Geographic,Texas
Law Enforcement Today,,,,,,,,,Police,,,,,,,,,,
Right of self-defense,,,,,,,,,,,,,,,,,Unknown,,Self-Defense
Chief petty officer,,,,,,,,Army,,,,,,,,,,,
Humanitarian aid,,,,,,,,,,,,,,,,,Unknown,,
Black PanthParty.. Slavery by Another Name,African American,,,,,,,,,,,,,,,,,,
YoungRepublicans,,,Conservative,,,,,,,,,,,,,,,,
breitbart,,,Conservative,,,,,,,,,,,,,,,,
Blackhistory,African American,,,,,,,,,,,,,,,,,,
Conservatism,,,Conservative,,,,,,,,,,,,,,,,
Eid al-Fitr,,,,Islam,,,,,,,,,,,,,,,
Syria,,,,,,,,,,,,,,,,,Unknown,,
Gospel,,,,,Christianity,,,,,,,,,,,,,,
Tea PartyPatriots,,,Conservative,,,,,,,,,,,,,,,,
Supporting Our Veterans,,,,,,,,Army,,,,,,,,,,,
HispanicTV. Behaviors: African American (US),African American,,,,,Latinx,,,,,,,,,,,,,
Support Law Enforcement,,,,,,,,,Police,,,,,,,,,,
African National Congress,African American,,,,,,,,,,,,,,,,,,
Hoodies,,,,,,,,,,,,,,,Products,,,,
Employers: U.S. Military,,,,,,,,Army,,,,,,,,,,,
Anglicanism,,,,,Christianity,,,,,,,,,,,,,,
Arab world,,,,Islam,,,,,,,,,,,,,,,
Martin Luther King Ill,African American,,,,,,,,,,,,,,,,,,
Online games,,,,,,,,,,,,,,Memes,,,,,
African-American Civil RighMovement (1954-68),African American,,,,,,,,,,,,,,,,,,
Umar,,,,Islam,,,,,,,,,,,,,,,
Black Dresses,,,,,,,,,,,,,,,Products,,,,
lvanka Trump Fine Jewelry,,,,,,,,,,,,,,,Products,,,,
Politics,,,,,,,,,,,,,,,,,Unknown,,
Black Enterprise,African American,,,,,,,,,,,,,,,,,,
Islam,,,,Islam,,,,,,,,,,,,,,,
Deportation,,,,,,,,,,,Anti-Immigrant,,,,,,,,
Vietnam Veterans Memorial,,,,,,,,Army,,,,,,,,,,,
Friends of connectioFriends of people who are connected to Being Patriotic,,,,,,,,,,,,,Patriotism,,,,,,
Support Law Enforcement. The ThiBlue Line. Officer Down Memorial Page,,,,,,,,,Police,,,,,,,,,,
Michael Savage,,,Conservative,,,,,,,,,,,,,,,,
HuffPost BlackVoices,African American,,,,,,,,,,,,,,,,,,
PERSONAL & HOME DEFENSE,,,,,,,,,,,,,,,,,,,Self-Defense
The Thin Blue Line,,,,,,,,,Police,,,,,,,,,,
Politics US politics (very conservative),,,Conservative,,,,,,,,,,,,,,,,
Firearm,,,,,,,,,,,,Gun Rights,,,,,,,
National Black Police Association (United Kingdom),African American,,,,,,,,Police,,,,,,,,,,
Malcolm X Memorial Foundation,African American,,,,,,,,,,,,,,,,,,
Ahl al-Bayt,,,,Islam,,,,,,,,,,,,,,,
PanAfricanism,African American,,,,,,,,,,,,,,,,,,
Political party,,,,,,,,,,,,,,,,,Unknown,,
Abbas ibn Ali,,,,Islam,,,,,,,,,,,,,,,
Abu Bakr,,,,Islam,,,,,,,,,,,,,,,
Saudi Arabia,,,,Islam,,,,,,,,,,,,,,,
Border (1997 film),,,,Islam,,,,,,,,,,,,,,,
Friends of connectioFriends of people who are connected to Williams&Kalvin,African American,,,,,,,,,,,,,,,,,,
United States Constitution,,,,,,,,,,,,,,,,,Unknown,,
LGBT community,,,,,,,LGBTQ,,,,,,,,,,,,
Philosophy,,,,,,,,,,,,,,,,,Unknown,,
American Patriots,,,,,,,,,,,,,Patriotism,,,,,,
Cherokee,,,,,,,,,,,,,,,,Native American,,,
Supporting Our Veterans Home Composition: Veterans in home,,,,,,,,Army,,,,,,,,,,,
Afrocentrism,African American,,,,,,,,,,,,,,,,,,
Patriot Nation,,,,,,,,,,,,,Patriotism,,,,,,
Texas Parks and Wildlife - Hunt,,,,,,,,,,,,,,,,,,Geographic,Texas
2016,,,,,,,,,,,,,,,,,Unknown,,
Refugees of the Syrian Civil War,,,,,,,,,,,,,,,,,Unknown,,
AMVETS,,,,,,,,Army,,,,,,,,,,,
Kemetism,,,,,,,,,,,,,,,,,Unknown,,
School: University ofCalifornia,,,,,,,,,,,,,,,,,,Geographic,
Conviction,,,,,,,,,,,,,,,,,Unknown,,Prison
Old Glory,,,,,,,,,,,,,Patriotism,,,,,,
Libertarianism,,,Conservative,,,,,,,,,,,,,,,,
MayaAngelou,African American,,,,,,,,,,,,,,,,,,
Texas Deer Association,,,,,,,,,,,,,,,,,,Geographic,Texas
Sheikh,,,,Islam,,,,,,,,,,,,,,,
StopPolice Brutality,,,,,,,,,Police,,,,,,,,,,
Black Enterprise Business Report,African American,,,,,,,,,,,,,,,,,,
Vietnam Veterans Against the War,,,,,,,,Army,,,,,,,,,,,
Gun Owof America,,,,,,,,,,,,Gun Rights,,,,,,,
Chicano Movement.Hispanidad,,,,,,Latinx,,,,,,,,,,,,,
2016 oUnion of Huffington Post Writers and Bloggers,,Progressive,,,,,,,,,,,,,,,,,
Employers: U.S. Army Reserve,,,,,,,,Army,,,,,,,,,,,
Fail Blog,,,,,,,,,,,,,,Memes,,,,,
Umrah,,,,Islam,,,,,,,,,,,,,,,
Anti-discrimination,,Progressive,,,,,,,,,,,,,,,,,
Industry: Military (Global),,,,,,,,Army,,,,,,,,,,,
Confederate States of America,,,,,,,,,,American South,,,,,,,,,
911 Dispatcher,,,,,,,,,,,,,,,,,Unknown,,
People who like Stop A.I.. Friends of connectioFriends of people who are connected to Stop A.1.,,,,,,,,,,,Anti-Immigrant,,,,,,,,
Behaviors: AfricaAmerican(US)or Asian American(US),African American,,,,,,,,,,,,,,,,,,
NationalRifle Association,,,,,,,,,,,,Gun Rights,,,,,,,
iFunny,,,,,,,,,,,,,,Memes,,,,,
Latino culture,,,,,,Latinx,,,,,,,,,,,,,
Humou,,,,,,,,,,,,,,Memes,,,,,
Conservative Republicans ofTexas,,,Conservative,,,,,,,,,,,,,,,Geographic,Texas
Vietnam Veterans of America Foundation,,,,,,,,Army,,,,,,,,,,,
Fiqh,,,,,,,,,,,,,,,,,Unknown,,
American IndiaWars,,,,,,,,,,,,,,,,Native American,,,
Understanding racial segregation in the unitedstates,,Progressive,,,,,,,,,,,,,,,,,
MuslimStudents' Association,,,,Islam,,,,,,,,,,,,,,,
Culture ofMexico,,,,,,Latinx,,,,,,,,,,,,,
Guns & Weapons,,,,,,,,,,,,Gun Rights,,,,,,,
I Love the USA,,,,,,,,,,,,,Patriotism,,,,,,
"""KARBALA IMAM HUSSEIN (A.S) SHRINE""",,,,Islam,,,,,,,,,,,,,,,
Breaking news,,,,,,,,,,,,,,,,,Unknown,,
Security guard,,,,,,,,,,,,,,,,,Unknown,,
Shahada,,,,Islam,,,,,,,,,,,,,,,
Flash Gam,,,,,,,,,,,,,,Memes,,,,,
Reading,,,,,,,,,,,,,,,,,Unknown,,
Self Defense Family,,,,,,,,,,,,,,,,,,,Self-Defense
Current events,,,,,,,,,,,,,,,,,Unknown,,
Police Wives Unite,,,,,,,,,Police,,,,,,,,,,
Facebook access (mobile): all mobile devicGeneration: Millennials Politics: US politics (conservative),,,Conservative,,,,,,,,,,,,,,,,
Supporting OuVeterans,,,,,,,,,Police,,,,,,,,,,
Used car,,,,,,,,,,,,,,,Products,,,,
Mexico,,,,,,Latinx,,,,,,,,,,,,,
Texas secession movements,,,,,,,,,,,,,,,,,,,Texas
Right-wing politics,,,Conservative,,,,,,,,,,,,,,,,
National Congress of American Indians,,,,,,,,,,,,,,,,Native American,,,
News broadcasting,,,,,,,,,,,,,,,,,Unknown,,
Texas Values,,,,,,,,,,,,,,,,,,,Texas
Black Power,African American,,,,,,,,,,,,,,,,,,
HistoryPolitics: US politics (conservative),,,Conservative,,,,,,,,,,,,,,,,
Anything AbouGuns,,,,,,,,,,,,Gun Rights,,,,,,,
mother jones,,Progressive,,,,,,,,,,,,,,,,,
Don't Mess with Texas Program,,,,,,,,,,,,,,,,,,,Texas
Hart of Dixie,,,,,,,,,,American South,,,,,,,,,
motherjones. Behaviors: African American (US),African American,Progressive,,,,,,,,,,,,,,,,,
CorrectioCorporation of America,,,,,,,,,,,,,,,,,,,Prison
Black Women Are Beautiful,African American,,,,,,,,,,,,,,,,,,
American Indian Movement,,,,,,,,,,,,,,,,Native American,,,
Blackis beautiful,African American,,,,,,,,,,,,,,,,,,
People who like Heart of Texas,,,,,,,,,,,,,,,,,,,Texas
Islamic studies,,,,Islam,,,,,,,,,,,,,,,
2ndAmendment,,,,,,,,,,,,Gun Rights,,,,,,,
Husayn ibn Ali,,,,Islam,,,,,,,,,,,,,,,
BlackEnterprise,African American,,,,,,,,,,,,,,,,,,
Free softwa,,,,,,,,,,,,,,,Products,,,,
Visualperception,,,,,,,,,,,,,,Memes,,,,,
VevoShazam (service),,,,,,,,,,,,,,,Products,,,,
Mercenary,,,,,,,,Army,,,,,,,,,,,
Confederate States Army oSouthern Pride,,,,,,,,,,American South,,,,,,,,,
United States Armed Forces,,,,,,,,Army,,,,,,,,,,,
Jesus,,,,,Christianity,,,,,,,,,,,,,,
confederate states america,,,,,,,,,,American South,,,,,,,,,
cop block,,Progressive,,,,,,,,,,,,,,,,,
Field of study: African-American history,African American,,,,,,,,,,,,,,,,,,
African-American history.Malcolm X. Black (Color),African American,,,,,,,,,,,,,,,,,,
Mecca,,,,Islam,,,,,,,,,,,,,,,
Wikil-eaks,,,,,,,,,,,,,,,,,Unknown,,
Police corruption,,Progressive,,,,,,,,,,,,,,,,,
Christian Church,,,,,Christianity,,,,,,,,,,,,,,
African-American history oGospel,African American,,,,,,,,,,,,,,,,,,
Retired Police Officer,,,,,,,,,Police,,,,,,,,,,
US politics (very conservative),,,Conservative,,,,,,,,,,,,,,,,
Politics and socialissues,,,,,,,,,,,,,,,,,Unknown,,
(Tunes,,,,,,,,,,,,,,,Products,,,,
Multicultural Affinity: Hispanic(US - All),,,,,,Latinx,,,,,,,,,,,,,
Illegal immigratio,,,,,,,,,,,Anti-Immigrant,,,,,,,,
Fard,,,,,,,,,,,,,,,,,Unknown,,
Black is beautiful oBlack Girls Rock!,African American,,,,,,,,,,,,,,,,,,
History of Islam,,,,Islam,,,,,,,,,,,,,,,
AngelaDavis. Malcolm X,African American,,,,,,,,,,,,,,,,,,
friends bernie sand,,Progressive,,,,,,,,,,,,,,,,,
The African History Network,African American,,,,,,,,,,,,,,,,,,
Medina,,,,,,,,,,,,,,,,,Unknown,,
Bill O'Reilly (politicalcommentator),,,Conservative,,,,,,,,,,,,,,,,
Stop Racism!:. AfricanAmerican culture. African-American Civil Rights Movement (1954-68),African American,,,,,,,,,,,,,,,,,,
Wounded Warrior Project,,,,,,,,Army,,,,,,,,,,,
Union of Huffington Post Writers and Bloggers,,Progressive,,,,,,,,,,,,,,,,,
Social movement,,,,,,,,,,,,,,,,,Unknown,,
meme,,,,,,,,,,,,,,Memes,,,,,
Syria-News,,,,,,,,,,,,,,,,,Unknown,,
Security alarm,,,,,,,,,,,,,,,,,Unknown,,
Open Carry Texas,,,,,,,,,,,,Gun Rights,,,,,,,Texas
Justic,,,,,,,,,,,,,,,,,Unknown,,
Hotep,African American,,,,,,,,,,,,,,,,,,
Social justice,,Progressive,,,,,,,,,,,,,,,,,
Police offic,,,,,,,,,Police,,,,,,,,,,
Prophets and messengers in Islam,,,,Islam,,,,,,,,,,,,,,,
Behaviors: Small business owners,,,,,,,,,,,,,,,,,Unknown,,
DisabledAmerican Veterans,,,,,,,,Army,,,,,,,,,,,
United States Department of Veterans Affairs,,,,,,,,Army,,,,,,,,,,,
Islamic philosophy,,,,Islam,,,,,,,,,,,,,,,
The Autobiography of Malcolm X,African American,,,,,,,,,,,,,,,,,,
Black Consciousness Movement. Martin Luther King III,African American,,,,,,,,,,,,,,,,,,
My Black is Beautiful. African-American Civil Rights Movement (1954-68),African American,,,,,,,,,,,,,,,,,,
Anything About Guns. Guns & Patriots,,,,,,,,,,,,Gun Rights,,,,,,,
Inc.,,,,,,,,,,,,,,,,,Unknown,,
Amenity,,,,,,,,,,,,,,,,,Unknown,,
Love,,,,,,,,,,,,,,,,,Unknown,,
GuRights,,,,,,,,,,,,Gun Rights,,,,,,,
Allah,,,,Islam,,,,,,,,,,,,,,,
Politics and social issues,,,,,,,,,,,,,,,,,Unknown,,
Prison Voices,,,,,,,,,,,,,,,,,,,Prison
Cop Block,,Progressive,,,,,,,,,,,,,,,,,
2ndAmendment. Gun Owners of America,,,,,,,,,,,,Gun Rights,,,,,,,
African-American Civil Rights Movement(1954-68),African American,,,,,,,,,,,,,,,,,,
Guns & Ammo Politics: US politics (conservative),,,,,,,,,,,,Gun Rights,,,,,,,
Employers: Facebook,,,,,,,,,,,,,,,,,Unknown,,
AmericaCorrectional Association,,,,,,,,,,,,,,,,,,,Prison
African-American Civil RighMovement ( 1954-68),African American,,,,,,,,,,,,,,,,,,
Christopher Hitchens,,,,,,,,,,,,,,,,,Unknown,,
Hadith,,,,Islam,,,,,,,,,,,,,,,
Black is beautiful,African American,,,,,,,,,,,,,,,,,,
Ana muslim,,,,Islam,,,,,,,,,,,,,,,
National Law Enforcement Officers Memorial,,,,,,,,,Police,,,,,,,,,,
Muslim world,,,,Islam,,,,,,,,,,,,,,,
US politics (moderate),,,,,,,,,,,,,,,,,Unknown,,
TheBlaze,,,Conservative,,,,,,,,,,,,,,,,
Iraq and Afghanistan Veterans of America,,,,,,,,Army,,,,,,,,,,,
Culture of Mexico,,,,,,Latinx,,,,,,,,,,,,,
Politics and social issu,,,,,,,,,,,,,,,,,Unknown,,
HuffPost Politics,,Progressive,,,,,,,,,,,,,,,,,
The Patriot Post,,,Conservative,,,,,,,,,,,,,,,,
Puppy,,,,,,,,,,,,,,Memes,,,,,
Squadron leader,,,,,,,,Army,,,,,,,,,,,
President of the United States,,,,,,,,,,,,,,,,,Unknown,,
Our World with Black Enterprise,African American,,,,,,,,,,,,,,,,,,
American Revolutionary War,,,,,,,,,,,,,Patriotism,,,,,,
Southern United Sta,,,,,,,,,,American South,,,,,,,,,
BlackPower,African American,,,,,,,,,,,,,,,,,,
LGBT social movements,,,,,,,LGBTQ,,,,,,,,,,,,
Chicano,,,,,,Latinx,,,,,,,,,,,,,
Brigadier general,,,,,,,,Army,,,,,,,,,,,
Mexican Pride,,,,,,Latinx,,,,,,,,,,,,,
African-American cultu,African American,,,,,,,,,,,,,,,,,,
US politics (veryconservative),,,Conservative,,,,,,,,,,,,,,,,
Field of study: Police officer,,,,,,,,,Police,,,,,,,,,,
Meme,,,,,,,,,,,,,,Memes,,,,,
Social justicBlack Panther Party,African American,,,,,,,,,,,,,,,,,,
Sister 2 Sister magazine,African American,,,,,,,,,,,,,,,,,,
Polisi militer,,,,,,,,,,,,,,,,,Unknown,,
Vietnam Veterans of America,,,,,,,,Army,,,,,,,,,,,
Being Chicano. Mexican american culture,,,,,,Latinx,,,,,,,,,,,,,
Lowrider,,,,,,Latinx,,,,,,,,,,,,,
The Thin BluLine. Officer Down Memorial Page,,,,,,,,,Police,,,,,,,,,,
Muslim Brotherhood,,,,Islam,,,,,,,,,,,,,,,
All Pakistan Muslim League,,,,Islam,,,,,,,,,,,,,,,
Liberal Democrats,,Progressive,,,,,,,,,,,,,,,,,
Jr.. Black Power,African American,,,,,,,,,,,,,,,,,,
Commander (United States),,,,,,,,Army,,,,,,,,,,,
Stop Police Brutality,,Progressive,,,,,,,,,,,,,,,,,
White nationalism,,,Conservative,,,,,,,,,,,,,,,,
Allah Akb,,,,Islam,,,,,,,,,,,,,,,
Mexico. Latin hip hop. Chicano Movement,,,,,,Latinx,,,,,,,,,,,,,
Incarceration in the United States,,,,,,,,,,,,,,,,,,,Prison
Don't Mess with Texas,,,,,,,,,,,,,,,,,,,Texas
Black Madonna,African American,,,,,,,,,,,,,,,,,,
Last.fm,,,,,,,,,,,,,,,Products,,,,
I Have aDream,African American,,,,,,,,,,,,,,,,,,
Chicks On ThRight,,,Conservative,,,,,,,,,,,,,,,,
Black history. Black Panther Party,African American,,,,,,,,,,,,,,,,,,
Tucker Carlson,,,Conservative,,,,,,,,,,,,,,,,
Election,,,,,,,,,,,,,,,,,Unknown,,
Young Republicans,,,Conservative,,,,,,,,,,,,,,,,
Veterans of ForeigWars,,,Conservative,,,,,,,,,,,,,,,,
People who like Being Patriotic,,,,,,,,,,,,,Patriotism,,,,,,
African-American CivilRights Movement (1954-68). African-American history,African American,,,,,,,,,,,,,,,,,,
Black AMovement,African American,,,,,,,,,,,,,,,,,,
School-to-prison pipeline,,Progressive,,,,,,,,,,,,,,,,,Prison
Hobbies and activiti,,,,,,,,,,,,,,,,,Unknown,,
African America,African American,,,,,,,,,,,,,,,,,,
AfricanAmerican Civil Rights Movement(1954-68),African American,,,,,,,,,,,,,,,,,,
Jesus in Islam,,,,,Christianity,,,,,,,,,,,,,,
Illegal,,,,,,,,,,,,,,,,,Unknown,,
???????????,,,,,,,,,,,,,,,,,Unknown,,
BLACK MODELS & FASHION,African American,,,,,,,,,,,,,,,,,,
African-American music,African American,,,,,,,,,,,,,,,,,,
Religion,,,,,Christianity,,,,,,,,,,,,,,
Ja'far al-Sadiq,,,,Islam,,,,,,,,,,,,,,,
Islamism,,,,Islam,,,,,,,,,,,,,,,
Hijra (Islam),,,,Islam,,,,,,,,,,,,,,,
Independence,,,,,,,,,,,,,,,,,Unknown,,
Donald Trump for Presid,,,Conservative,,,,,,,,,,,,,,,,
Mufti,,,,Islam,,,,,,,,,,,,,,,
MalcolmX,African American,,,,,,,,,,,,,,,,,,
Baptism,,,,,Christianity,,,,,,,,,,,,,,
Black church,African American,,,,Christianity,,,,,,,,,,,,,,
African-American literature,African American,,,,,,,,,,,,,,,,,,
Jr.. Stop Racism!!. AfricanAmerican culture. African-American Civil Rights Movement (1954-68),African American,,,,,,,,,,,,,,,,,,
Photography,,,,,,,,,,,,,,Memes,,,,,
Muslim,,,,Islam,,,,,,,,,,,,,,,
Right of self-def,,,,,,,,,,,,,,,,,,,Self-Defense
Facebook access (mobile): all mobile devicGeneration: Generation X Politics: US politics (very conservative),,,Conservative,,,,,,,,,,,,,,,,
Leadership,,,,,,,,,,,,,,,,,Unknown,,
LGBTcommunity,,,,,,,LGBTQ,,,,,,,,,,,,
The Thin BluLine,,,,,,,,,Police,,,,,,,,,,
AfricanAmerican culture. African-American Civil Rights Movement (1954-68),African American,,,,,,,,,,,,,,,,,,
United States Senate,,,,,,,,,,,,,,,,,Unknown,,
LGBT community oLGBT social movements,,,,,,,LGBTQ,,,,,,,,,,,,
Second Amendment to the United States Constitution,,,,,,,,,,,,Gun Rights,,,,,,,
Syria Charity,,,,,,,,,,,,,,,,,Unknown,,
Jehovah's witness church,,,,,Christianity,,,,,,,,,,,,,,
Homeless shelPolitics: US politics (liberal),,Progressive,,,,,,,,,,,,,,,,,
Multicultural Affinity: African American(US),African American,,,,,,,,,,,,,,,,,,
Chicano Movement. Being Latino,,,,,,Latinx,,,,,,,,,,,,,
Chicano rap,,,,,,Latinx,,,,,,,,,,,,,
Selfdefense,,,,,,,,,,,,,,,,,,,Self-Defense
NationalResistance Movement,African American,,,,,,,,,,,,,,,,,,
The ThiBlue Line,,,,,,,,,Police,,,,,,,,,,
Black Business Works,African American,,,,,,,,,,,,,,,,,,
Dixie,,,,,,,,,,American South,,,,,,,,,
Louis Farrakhan,African American,,,,,,,,,,,,,,,,,,
Glossary of Islam,,,,Islam,,,,,,,,,,,,,,,
Second Amendment Sisters,,,,,,,,,,,,Gun Rights,,,,,,,
Job title: Veteran,,,,,,,,Army,,,,,,,,,,,
Apple Music,,,,,,,,,,,,,,,Products,,,,
Gay Rights,,,,,,,LGBTQ,,,,,,,,,,,,
My Big Redneck Family,,,Conservative,,,,,,,,,,,,,,,,
Native American IndiaWisdom,,,,,,,,,,,,,,,,Native American,,,
African Methodist Episcopal Church,African American,,,,Christianity,,,,,,,,,,,,,,
Drudge Report,,,Conservative,,,,,,,,,,,,,,,,
SouthAfrica,African American,,,,,,,,,,,,,,,,,,
Employers: Gun Owners of America,,,,,,,,,,,,Gun Rights,,,,,,,
Employers: Allah,,,,Islam,,,,,,,,,,,,,,,
Funny Pictures,,,,,,,,,,,,,,Memes,,,,,
Employers: Jesus Christ is my King,,,,,Christianity,,,,,,,,,,,,,,
As-salamu alaykum,,,,Islam,,,,,,,,,,,,,,,
d 317 Reactions 4 Comments  ilk  Like  * Comment,,,,,,,,,,,,,,,,,Unknown,,
Colonel,,,,,,,,Army,,,,,,,,,,,
Iraq War Veterans,,,,,,,,Army,,,,,,,,,,,
Abu EesaNiamatullah,,,,Islam,,,,,,,,,,,,,,,
Lowrider oChicano rap,,,,,,Latinx,,,,,,,,,,,,,
Legal education,,,,,,,,,,,,,,,,,Unknown,,
African-Americahistory,African American,,,,,,,,,,,,,,,,,,
Muhammad Ali. Violence prevention. Pan Africanist Congress of Azania,African American,,,,,,,,,,,,,,,,,,
Bible,,,,,Christianity,,,,,,,,,,,,,,
Black Tea Patriots,African American,,Conservative,,,,,,,,,,,,,,,,
Racial integration,,Progressive,,,,,,,,,,,,,,,,,
Likely to engage with political content (conservative),,,Conservative,,,,,,,,,,,,,,,,
Texas Nationalist Movement,,,,,,,,,,,,,,,,,,,Texas
Dogs,,,,,,,,,,,,,,Memes,,,,,
Ted Cruz,,,Conservative,,,,,,,,,,,,,,,,
Donald Trumpfor President,,,Conservative,,,,,,,,,,,,,,,,
Far-right politics,,,Conservative,,,,,,,,,,,,,,,,
Anti-discriminatio,,Progressive,,,,,,,,,,,,,,,,,
U.S. Patriot Tactical,,,,,,,,Army,Police,,,,,,,,,,
Say It Loud - I'm Black and I'm Proud,African American,,,,,,,,,,,,,,,,,,
The Women'Self Defense Institute,,,,,,,,,,,,,,,,,,,Self-Defense
Blackchurch,African American,,,,,,,,,,,,,,,,,,
Mexican American Pride,,,,,,Latinx,,,,,,,,,,,,,
New York City,,,,,,,,,,,,,,,,,,Geographic,
Proudto be an American,,,,,,,,,,,,,Patriotism,,,,,,
California State University,,,,,,,,,,,,,,,,,,Geographic,
Support Our Veterans,,,,,,,,Army,,,,,,,,,,,
LGBT culture,,,,,,,LGBTQ,,,,,,,,,,,,
AngelaDavis,African American,,,,,,,,,,,,,,,,,,
Texas,,,,,,,,,,,,,,,,,,,Texas
LGBT rights by country oterritory,,,,,,,LGBTQ,,,,,,,,,,,,
Politics: Likely to engage with political content (liberal),,Progressive,,,,,,,,,,,,,,,,,
Muhammad al-Mandi,,,,Islam,,,,,,,,,,,,,,,
Social democracy,,Progressive,,,,,,,,,,,,,,,,,
Field of study: AfricanAmerican history,African American,,,,,,,,,,,,,,,,,,
madeas family reunion,African American,,,,,,,,,,,,,,,,,,
Jesus Daily,,,,,Christianity,,,,,,,,,,,,,,
Funny Photo's,,,,,,,,,,,,,,Memes,,,,,
Muslims for America,,,,Islam,,,,,,,,,,,,,,,
Social equality,,Progressive,,,,,,,,,,,,,,,,,
The Inmates,,,,,,,,,,,,,,,,,Unknown,,
2nd Amendment. Gun Owners ofAmerica,,,,,,,,,,,,Gun Rights,,,,,,,
Chris Kyle,,,Conservative,,,,,Army,,,,,,,,,,,
Motherhood,,,,,,,,,,,,,,,,,Unknown,,
Employers: Seaman,,,,,,,,,,,,,,,,,Unknown,,
Pan-Africanism. Police misconduct,African American,Progressive,,,,,,,,,,,,,,,,,
donald j trump,,,Conservative,,,,,,,,,,,,,,,,
Lieutenant colonel (United States),,,,,,,,Army,,,,,,,,,,,
Visual perception,,,,,,,,,,,,,,Memes,,,,,
People who like Black Matters. Friends of connectioFriends of people who are connected to Black Matters,African American,,,,,,,,,,,,,,,,,,
American Correctional Association,,,,,,,,,,,,,,,,,,,Prison
Police Brutality is a Crime,,Progressive,,,,,,,,,,,,,,,,,
Veterans(US),,,,,,,,Army,,,,,,,,,,,
Humans of New York,,,,,,,,,,,,,,Memes,,,,,
United States Bill of Rights,,,,,,,,,,,,,,,,,Unknown,,
Politics: US politics (conservative),,,Conservative,,,,,,,,,,,,,,,,
Black Girls Rock!,African American,,,,,,,,,,,,,,,,,,
Ulama. Sunnah Ummah Caliphate,,,,Islam,,,,,,,,,,,,,,,
Paralyzed Veterans of America. VeteraDay,,,,,,,,Army,,,,,,,,,,,
Republican Party (United States) oPolitics,,,Conservative,,,,,,,,,,,,,,,,
Petty officer,,,,,,,,Army,,,,,,,,,,,
.Hispanidad,,,,,,Latinx,,,,,,,,,,,,,
Southern United States,,,,,,,,,,American South,,,,,,,,,
African-American Civil Rights Movement (1954--68),African American,,,,,,,,,,,,,,,,,,
Donald Trump Jr.,,,Conservative,,,,,,,,,,,,,,,,
Police Wives Unite. National Police Wives Association,,,,,,,,,Police,,,,,,,,,,
HuffPost Black Voic,African American,,,,,,,,,,,,,,,,,,
Ali ibn Husayn Zayn alAbidin,,,,Islam,,,,,,,,,,,,,,,
Pan-African colours,African American,,,,,,,,,,,,,,,,,,
Texas Gun Owner,,,,,,,,,,,,Gun Rights,,,,,,,Texas
The Thin Blue Line (emblem). Police Wives Unite,,,,,,,,,Police,,,,,,,,,,
Black PanthParty,African American,,,,,,,,,,,,,,,,,,
Spotify,,,,,,,,,,,,,,,Products,,,,
StopRacism!!,,Progressive,,,,,,,,,,,,,,,,,
Soldado,,,,,,,,,,,,,,,,,Unknown,,
Job title: CoalMiner,,,,,,,,,,,,,,,,,Unknown,,
community,,,,,,,,,,,,,,,,,Unknown,,
Funny Pictures. LOL,,,,,,,,,,,,,,Memes,,,,,
College Republicans,,,Conservative,,,,,,,,,,,,,,,,
Lov,,,,,,,,,,,,,,,,,Unknown,,
Trayvon Marti,African American,,,,,,,,,,,,,,,,,,
Human Sexuality,,,,,,,,,,,,,,,,,Unknown,,
martial aand self defense,,,,,,,,,,,,,,,,,,,Self-Defense
AnythingAbout Guns,,,,,,,,,,,,Gun Rights,,,,,,,
Riverside,,,,,,,,,,,,,,,,,,Geographic,
Shia Islam,,,,Islam,,,,,,,,,,,,,,,
WikiLeaks,,,,,,,,,,,,,,,,,Unknown,,
Same-sex marriag,,,,,,,LGBTQ,,,,,,,,,,,,
Jr.. Stop Racism!:. AfricanAmerican culture. African-American Civil Rights Movement (1954-68),African American,,,,,,,,,,,,,,,,,,
African-Americaculture,African American,,,,,,,,,,,,,,,,,,
Muslim League (Pakistan),,,,Islam,,,,,,,,,,,,,,,
Respect the Thin Blue line.,,,,,,,,,Police,,,,,,,,,,
African-American Civil Rights Movement ( 1954-68),African American,,,,,,,,,,,,,,,,,,
AR-15,,,,,,,,,,,,Gun Rights,,,,,,,
Muslim American Society,,,,Islam,,,,,,,,,,,,,,,
Fight the Power,,Progressive,,,,,,,,,,,,,,,,,
Leadership development,,,,,,,,,,,,,,,,,Unknown,,
Immigration,,,,,,,,,,,Anti-Immigrant,,,,,,,,
Gun Owners of America. Concealed carry,,,,,,,,,,,,Gun Rights,,,,,,,
New smartphone and tablet users,,,,,,,,,,,,,,,,,Unknown,,
Human rights activists,,Progressive,,,,,,,,,,,,,,,,,
Social Justice Solutions,,Progressive,,,,,,,,,,,,,,,,,
Gun Rights Across America,,,,,,,,,,,,Gun Rights,,,,,,,
Innocence Project,,,,,,,,,,,,,,,,,,,Prison
God,,,,,Christianity,,,,,,,,,,,,,,
Prisoner,,,,,,,,,,,,,,,,,,,Prison
Melanin,African American,,,,,,,,,,,,,,,,,,
territory,,,,,,,,,,,,,,,,,Unknown,,
All-american muslim culture,,,,Islam,,,,,,,,,,,,,,,
Friends of connectioFriends of people who are connected to Blacktivist,African American,,,,,,,,,,,,,,,,,,
Active Self Protectio,,,,,,,,,,,,,,,,,,,Self-Defense
Latin hip hop. Chicano Movement.Hispanidad,,,,,,Latinx,,,,,,,,,,,,,
Immigration to the United States,,,,,,,,,,,Anti-Immigrant,,,,,,,,
United States Army,,,,,,,,Army,,,,,,,,,,,
My Black is Beautiful.. African-American Civil Rights Movement (1954-68). Black is beautiful,African American,,,,,,,,,,,,,,,,,,
Islamism. Glossary of Islam,,,,Islam,,,,,,,,,,,,,,,
Marcus Garvey,African American,,,,,,,,,,,,,,,,,,
Haram,,,,Islam,,,,,,,,,,,,,,,
Eid al-Adha,,,,Islam,,,,,,,,,,,,,,,
Sean Hannity,,,Conservative,,,,,,,,,,,,,,,,
People who like Blacktivist,African American,,,,,,,,,,,,,,,,,,
People who like LGBT United. Friends of connectioFriends of people who are connected to LGBT United,,,,,,,LGBTQ,,,,,,,,,,,,
Citizens Committee for the Right to Keep and Bear Arms(CCRKBA),,,,,,,,,,,,Gun Rights,,,,,,,
The Women's Self Defense Institute,,,,,,,,,,,,,,,,,,,Self-Defense
LGBT history,,,,,,,LGBTQ,,,,,,,,,,,,
Being Latino,,,,,,Latinx,,,,,,,,,,,,,
Pan-Africanism,African American,,,,,,,,,,,,,,,,,,
Employers: Saudi Aramco,,,,,,,,,,,,,,,,,Unknown,,
Malcolm XGrassroots Movement,African American,,,,,,,,,,,,,,,,,,
Hillary Clinton,,Progressive,,,,,,,,,,,,,,,,,
Guns & Patriots oGun Rights,,,,,,,,,,,,Gun Rights,,,,,,,
Martin Luther King. Jr. Stop Racism!!. AfricanAmerican culture,African American,,,,,,,,,,,,,,,,,,
Officer cadet,,,,,,,,Army,,,,,,,,,,,
Soldado Generation: Millennials,,,,,,,,,,,,,,,,,Unknown,,
Family oPhotography,,,,,,,,,,,,,,,,,Unknown,,
Demonstration (protest),,Progressive,,,,,,,,,,,,,,,,,
Reddi,,,,,,,,,,,,,,Memes,,,,,
Right to keep and bear arm,,,,,,,,,,,,Gun Rights,,,,,,,
Black EconomicEmpowerment,African American,,,,,,,,,,,,,,,,,,
MuslimBrotherhood,African American,,,Islam,,,,,,,,,,,,,,,
Fox News Channel,,,Conservative,,,,,,,,,,,,,,,,
Funny Pic,,,,,,,,,,,,,,Memes,,,,,
The Raw Story,,Progressive,,,,,,,,,,,,,,,,,
The Second Amendment,,,,,,,,,,,,Gun Rights,,,,,,,
Black Economic Empowerment,African American,,,,,,,,,,,,,,,,,,
Photography is Not a Crime,,,,,,,,,,,,,,,,,Unknown,,
African culture,African American,,,,,,,,,,,,,,,,,,
People who like United Muslims of America,,,,Islam,,,,,,,,,,,,,,,
Mexican american culture,,,,,,Latinx,,,,,,,,,,,,,
LOL,,,,,,,,,,,,,,Memes,,,,,
Support Our Veterans. Veterans benefits support,,,,,,,,Army,,,,,,,,,,,
Children Of Inmates,,,,,,,,,,,,,,,,,,,Prison
ProductiveMuslim,,,,Islam,,,,,,,,,,,,,,,
Black (Color),African American,,,,,,,,,,,,,,,,,,
School: University of New Orleans,,,,,,,,,,,,,,,,,,Geographic,
Friends ofconnections: Friends of people who are connected to United Muslims of America,,,,Islam,,,,,,,,,,,,,,,
Libertarian Party (United States),,,Conservative,,,,,,,,,,,,,,,,
Gun Righ,,,,,,,,,,,,Gun Rights,,,,,,,
Christ's Commission Fellowship,,,,,Christianity,,,,,,,,,,,,,,
Israel,,,,,,,,,,,,,,,,,Unknown,,
Prison reform,,,,,,,,,,,,,,,,,,,Prison
Thank a Police officer,,,,,,,,,Police,,,,,,,,,,
Martin Luther King. Jr. African-American CivilRights Movement (1954-68). African-American history,African American,,,,,,,,,,,,,,,,,,
Anti-racism,,Progressive,,,,,,,,,,,,,,,,,
Maya Angelou,African American,,,,,,,,,,,,,,,,,,
Anonymous (group),,,,,,,,,,,,,,Memes,,,,,
Behaviors: African American (US),African American,,,,,,,,,,,,,,,,,,
Native Peoples Magazine,,,,,,,,,,,,,,,,Native American,,,
Walk with Jesus,,,,,Christianity,,,,,,,,,,,,,,
Guns &Ammo Politics: US politics (conservative),,,,,,,,,,,,Gun Rights,,,,,,,
Hispanic culture,,,,,,Latinx,,,,,,,,,,,,,
Employers: NYPD,,,,,,,,,Police,,,,,,,,,,
U.S. Army Reserve,,,,,,,,Army,,,,,,,,,,,
Facebook access (browser): Opera,,,,,,,,,,,,,,,,,Unknown,,
Friends of connectioFriends of people who are connected to Black Matters,African American,,,,,,,,,,,,,,,,,,
Native american culture in the united states,,,,,,,,,,,,,,,,Native American,,,
Faith,,,,,Christianity,,,,,,,,,,,,,,
American Civil War reenactm,,,,,,,,,,American South,,,,,,,,,
Ya Hussain,,,,Islam,,,,,,,,,,,,,,,
Saba University,,,,,,,,,,,,,,,,,,Geographic,
BlackNews.com,African American,,,,,,,,,,,,,,,,,,
Black nationalism,African American,,,,,,,,,,,,,,,,,,
Assalamu alaykum,,,,Islam,,,,,,,,,,,,,,,
Basmala,,,,Islam,,,,,,,,,,,,,,,
LiberalDemocrats,,Progressive,,,,,,,,,,,,,,,,,
Black(Color),African American,,,,,,,,,,,,,,,,,,
Antelope Valley College,,,,,,,,,,,,,,,,,,Geographic,
Mike Pence,,,Conservative,,,,,,,,,,,,,,,,
Roman Catholicdevotions,,,,,Christianity,,,,,,,,,,,,,,
Prison Wives,,,,,,,,,,,,,,,,,,,Prison
Black history. AfricanAmerican culture. African-American Civil Rights Movement (1954-68),African American,,,,,,,,,,,,,,,,,,
Islam Book,,,,Islam,,,,,,,,,,,,,,,
Indian Country Today Media Network,,,,,,,,,,,,,,,,Native American,,,
Houston,,,,,,,,,,,,,,,,,,Geographic,
Citizens Committee for the Right to Keep and Bear Arms(CCRKBA)or Guns.com,,,,,,,,,,,,Gun Rights,,,,,,,
Stop Illegal Immigration,,,,,,,,,,,Anti-Immigrant,,,,,,,,
Vetera,,,,,,,,Army,,,,,,,,,,,
Sakinah (Fatima al-Kubra) bint Husayn,,,,Islam,,,,,,,,,,,,,,,
xpansion: O,,,,,,,,,,,,,,,,,Unknown,,
Internet meme,,,,,,,,,,,,,,Memes,,,,,
Ramadan,,,,Islam,,,,,,,,,,,,,,,
Right to keep and bear arms,,,,,,,,,,,,Gun Rights,,,,,,,
People who like Don't Shoot,,Progressive,,,,,,,,,,,,,,,,,
Corrections Corporation of America,,,,,,,,,,,,,,,,,,,Prison
BlackBusiness Works,African American,,,,,,,,,,,,,,,,,,
StopIllegal Immigration,,,,,,,,,,,Anti-Immigrant,,,,,,,,
National Rifle Associatioor National Association for Gun Rights,,,,,,,,,,,,Gun Rights,,,,,,,
Sergeant Major of the Army,,,,,,,,Army,,,,,,,,,,,
Liberalism,,Progressive,,,,,,,,,,,,,,,,,
Prod uctiveMuslim,,,,Islam,,,,,,,,,,,,,,,
Veterans For America,,,,,,,,Army,,,,,,,,,,,
Zaynab bint Ali,,,,Islam,,,,,,,,,,,,,,,
Fallen PolicOfficers,,,,,,,,,Police,,,,,,,,,,
Sharia,,,,Islam,,,,,,,,,,,,,,,
Confederate States Army,,,,,,,,,,American South,,,,,,,,,
Chief of police,,,,,,,,,Police,,,,,,,,,,
d -erested 18 people oo no  * Comment,,,,,,,,,,,,,,,,,Unknown,,
LGBT rights by country,,,,,,,LGBTQ,,,,,,,,,,,,
Violence prevention,,,,,,,,,,,,,,,,,Unknown,,
Mahatma Gandhi,,,,,,,,,,,,,,,,,Unknown,,
Worship,,,,,Christianity,,,,,,,,,,,,,,
Mike Huckabee,,,Conservative,,,,,,,,,,,,,,,,
Vevo oGoogle Play Music,,,,,,,,,,,,,,,Products,,,,
NBA Memes,,,,,,,,,,,,,,Memes,,,,,
Redneck Social Club,,,Conservative,,,,,,,,,,,,,,,,
Native American civil rights. Native American Indian Wisdom. Cherokee language,,,,,,,,,,,,,,,,Native American,,,
American Civil War,,,,,,,,,,American South,,,,,,,,,
Republic of Texas,,,,,,,,,,,,,,,,,,,Texas
SoundCloud,,,,,,,,,,,,,,,Products,,,,
Being Chicano,,,,,,Latinx,,,,,,,,,,,,,
Multicultural Affinity: Hispanic(US -All),,,,,,Latinx,,,,,,,,,,,,,
Women's fashion,,,,,,,,,,,,,,,Products,,,,
Thank A Soldier,,,,,,,,Army,,,,,,,,,,,
Emigration,,,,,,,,,,,,,,,,,Unknown,,
Hajj,,,,Islam,,,,,,,,,,,,,,,
Wives Behind the Badge,,,,,,,,,Police,,,,,,,,,,
Institute for Veterans and Military Families,,,,,,,,Army,,,,,,,,,,,
Patriot(American Revolution),,,,,,,,,,,,,Patriotism,,,,,,
Andrew Breitbart,,,Conservative,,,,,,,,,,,,,,,,
National identity,,,,,,,,,,,,,,,,,Unknown,,
The Conservative,,,Conservative,,,,,,,,,,,,,,,,
Fly the American Flag,,,,,,,,,,,,,Patriotism,,,,,,
Prisoreform,,Progressive,,,,,,,,,,,,,,,,,Prison
mother jones. Behaviors: African American (US),African American,Progressive,,,,,,,,,,,,,,,,,
Racism in the United Sta,,Progressive,,,,,,,,,,,,,,,,,
Ron Paul,,,Conservative,,,,,,,,,,,,,,,,
Fitness and wellness,,,,,,,,,,,,,,,,,Unknown,,
Police misconduct,,Progressive,,,,,,,,,,,,,,,,,
Foreign policy,,,,,,,,,,,,,,,,,Unknown,,
Barack Obama,,Progressive,,,,,,,,,,,,,,,,,
Officer,,,,,,,,,Police,,,,,,,,,,
HuffPost Black Voices,African American,Progressive,,,,,,,,,,,,,,,,,
National RiflAssociation,,,,,,,,,,,,Gun Rights,,,,,,,
Second Amendment to the United StaConstitution,,,,,,,,,,,,Gun Rights,,,,,,,
United States Department of Homeland Security,,,,,,,,,,,Anti-Immigrant,,,,,,,,
Nelson Mandela. Justice,African American,,,,,,,,,,,,,,,,,,
Politics: Likely to engage with political co(conservative),,,Conservative,,,,,,,,,,,,,,,,
Martin Luther King,African American,,,,,,,,,,,,,,,,,,
Afro-American religion,African American,,,,,,,,,,,,,,,,,,
Active Self Protection,,,,,,,,,,,,,,,,,,,Self-Defense
African-AmericaCivil Rights Movement (1954-68). African-American history. Black Consciousness Movement,African American,,,,,,,,,,,,,,,,,,
Jobtitle: Polisi militer,,,,,,,,,,,,,,,,,Unknown,,
Policmisconduct,,Progressive,,,,,,,,,,,,,,,,,
United States Army Reserve,,,,,,,,Army,,,,,,,,,,,
Mexico. Latin hip hop,,,,,,Latinx,,,,,,,,,,,,,
Takbir. Hasan al-Askari,,,,Islam,,,,,,,,,,,,,,,
Andrew Breitbart breitbart,,,Conservative,,,,,,,,,,,,,,,,
Stop Racism!!,,Progressive,,,,,,,,,,,,,,,,,
Martin Luther King. Jr. Black history. AfricanAmerican Civil Rights Movement(1954-68),African American,,,,,,,,,,,,,,,,,,
Behaviors: AfricaAmerican(US),African American,,,,,,,,,,,,,,,,,,
Music,,,,,,,,,,,,,,,Products,,,,
conservative daily,,,Conservative,,,,,,,,,,,,,,,,
Julian Assange,,,,,,,,,,,,,,,,,Unknown,,
Master sergeant,,,,,,,,Army,,,,,,,,,,,
Names of God in Islam,,,,Islam,,,,,,,,,,,,,,,
Fitness and wellness oPolitics and social issues,,,,,,,,,,,,,,,,,Unknown,,
Friends of connectioFriends of people who are connected to LGBT United,,,,,,,LGBTQ,,,,,,,,,,,,
Policcorruption,,Progressive,,,,,,,,,,,,,,,,,
Entertainment,,,,,,,,,,,,,,,,,Unknown,,
Supporting Our Vetera,,,,,,,,Army,,,,,,,,,,,
Mosque,,,,Islam,,,,,,,,,,,,,,,
BlackPanther Party,African American,,,,,,,,,,,,,,,,,,
Mumia Abu-Jamal,African American,,,,,,,,,,,,,,,,,,
African-American culture,African American,,,,,,,,,,,,,,,,,,
Conservative Tribune,,,Conservative,,,,,,,,,,,,,,,,
African-AmericaCivil Rights Movement(1954-68),African American,,,,,,,,,,,,,,,,,,
Nigeria,African American,,,,,,,,,,,,,,,,,,
Media bias,,,,,,,,,,,,,,,,,Unknown,,
Engenharia militar,,,,,,,,,,,,,,,,,Unknown,,
Friends of connections.Friends of people who are connected to Williams&Kalvin,African American,,,,,,,,,,,,,,,,,,
Anything About Guns,,,,,,,,,,,,Gun Rights,,,,,,,
Government,,,,,,,,,,,,,,,,,Unknown,,
Quran,,,,Islam,,,,,,,,,,,,,,,
free music,,,,,,,,,,,,,,,Products,,,,
Texas Born Texas Proud,,,,,,,,,,,,,,,,,,,Texas
Cracked.com. LOL,,,,,,,,,,,,,,Memes,,,,,
African Methodist EpiscopalZion Church,African American,,,,,,,,,,,,,,,,,,
PoliceOne.com,,,,,,,,,Police,,,,,,,,,,
Ali al-Asghar ibn Husayn,,,,Islam,,,,,,,,,,,,,,,
Facebook,,,,,,,,,,,,,,,Products,,,,
Malcolm X (EI-Hajj Malik EI-Shabazz),African American,,,,,,,,,,,,,,,,,,
Mixed martial arts,,,,,,,,,,,,,,,,,,,Self-Defense
Same-sexmarriage,,,,,,,LGBTQ,,,,,,,,,,,,
Flags of the Confederate States of America,,,,,,,,,,American South,,,,,,,,,
The Invaders,,,,,,,,,,,Anti-Immigrant,,,,,,,,
Twelver. Hasaibn Ali,,,,Islam,,,,,,,,,,,,,,,
The Tea Party,,,Conservative,,,,,,,,,,,,,,,,
FoxNews Channel,,,Conservative,,,,,,,,,,,,,,,,
The Texas Huntress,,,,,,,,,,,,,,,,,,,Texas
National Rifle Association,,,,,,,,,,,,Gun Rights,,,,,,,
Personal Defense,,,,,,,,,,,,,,,,,,,Self-Defense
Socialjustice,,Progressive,,,,,,,,,,,,,,,,,
Al Jazeera,,,,Islam,,,,,,,,,,,,,,,
Patient Protection and Affordable Care Act,,Progressive,,,,,,,,,,,,,,,,,
Bisexuality,,,,,,,LGBTQ,,,,,,,,,,,,
Islam ism,,,,Islam,,,,,,,,,,,,,,,
Facebook access (mobile): all mobile devic,,,,,,,,,,,,,,,,,Unknown,,
Donald Trump,,,Conservative,,,,,,,,,,,,,,,,
Guns.com,,,,,,,,,,,,Gun Rights,,,,,,,
Politics: US politics (very conservative),,,Conservative,,,,,,,,,,,,,,,,
People who like Born Liberal,,Progressive,,,,,,,,,,,,,,,,,
Native Americacivil rights,,,,,,,,,,,,,,,,Native American,,,
Black Business Builders Club,African American,,,,,,,,,,,,,,,,,,
Hasan ibn Ali,,,,Islam,,,,,,,,,,,,,,,
Same-sex marriage,,,,,,,LGBTQ,,,,,,,,,,,,
The Potter's House Church,,,,,Christianity,,,,,,,,,,,,,,
Conservatism in the United States,,,Conservative,,,,,,,,,,,,,,,,
America the Beautiful,,,,,,,,,,,,,Patriotism,,,,,,
Black Panther Party,African American,,,,,,,,,,,,,,,,,,
Patriotism,,,,,,,,,,,,,Patriotism,,,,,,
ThMove,,,,,,,,,,,,,,,Products,,,,
American IndiaMovement,,,,,,,,,,,,,,,,Native American,,,
made in texas,,,,,,,,,,,,,,,,,,,Texas
Latin hip hop. Chicano,,,,,,Latinx,,,,,,,,,,,,,
Christianity,,,,,Christianity,,,,,,,,,,,,,,
Texas Hog Hunting,,,,,,,,,,,,,,,,,,,Texas
Vietnam Vets,,,,,,,,Army,,,,,,,,,,,
United States Holocaust Memorial Museum oFascism,,,,,,,,,,,,,,,,,Unknown,,
All Things Cherokee,,,,,,,,,,,,,,,,Native American,,,
Prayer,,,,,Christianity,,,,,,,,,,,,,,
Friends of connectioFriends of people who are connected to Heart of Texas,,,,,,,,,,,,,,,,,,,Texas
United States Department ofVeterans Affairs,,,,,,,,Army,,,,,,,,,,,
Zaid Shakir,,,,Islam,,,,,,,,,,,,,,,
Proud to be an American,,,,,,,,,,,,,Patriotism,,,,,,
United Nations Assistance Mission in Afghanistan,,,,,,,,,,,,,,,,,Unknown,,
Tea Party Patrio,,,Conservative,,,,,,,,,,,,,,,,
Illegalimmigration,,,,,,,,,,,Anti-Immigrant,,,,,,,,
American patriotism,,,,,,,,,,,,,Patriotism,,,,,,
Dallas,,,,,,,,,,,,,,,,,,,Texas
Job title: Muslim,,,,Islam,,,,,,,,,,,,,,,
National Rifle Associatio,,,,,,,,,,,,Gun Rights,,,,,,,
Landscap,,,,,,,,,,,,,,,,,Unknown,,
People who like LGBT United,,,,,,,LGBTQ,,,,,,,,,,,,
Concealed carry in the United States,,,,,,,,,,,,Gun Rights,,,,,,,
Cop Block  1,,Progressive,,,,,,,,,,,,,,,,,
Republican Party (United States),,,Conservative,,,,,,,,,,,,,,,,
Lesbian community,,,,,,,LGBTQ,,,,,,,,,,,,
Malcolm X (EI-Hajj Malik EI-Shabazz). Afrocentric education,African American,,,,,,,,,,,,,,,,,,
Angela Davis,African American,,,,,,,,,,,,,,,,,,
Racism in the United States,,Progressive,,,,,,,,,,,,,,,,,
LGBT culture oSame-sex marriage,,,,,,,LGBTQ,,,,,,,,,,,,
Latin hip hop. Chicano Movement,,,,,,Latinx,,,,,,,,,,,,,
American History,,,,,,,,,,,,,Patriotism,,,,,,
Evangelicalism,,,,,Christianity,,,,,,,,,,,,,,
Field of study: Arabic,,,,Islam,,,,,,,,,,,,,,,
The Self Defense Company,,,,,,,,,,,,,,,,,,,Self-Defense
Gun Owners of America. Second Amendment to the United States Constitution,,,,,,,,,,,,Gun Rights,,,,,,,
MayaAngelou. Mumia Abu-Jamal,African American,,,,,,,,,,,,,,,,,,
Baltimore,,,,,,,,,,,,,,,,,,Geographic,
Humanitarianism,,,,,,,,,,,,,,,,,Unknown,,
Republica,,,Conservative,,,,,,,,,,,,,,,,
Social justic,,Progressive,,,,,,,,,,,,,,,,,
ForAmerica,,,,,,,,,,,,,Patriotism,,,,,,
People who like Black Matters,African American,,,,,,,,,,,,,,,,,,
Rainbow flag (LGBT movement),,,,,,,LGBTQ,,,,,,,,,,,,
The Thin BluLine. Respect the Thin Blue line.. Police Wives Unite. Police officer,,,,,,,,,Police,,,,,,,,,,
Huey P. Newton,African American,,,,,,,,,,,,,,,,,,
Black Arts Movement,,,Conservative,,,,,,,,,,,,,,,,
Rush Limbaugh,,,Conservative,,,,,,,,,,,,,,,,
Detroit,,,,,,,,,,,,,,,,,,Geographic,
Support our troops,,,,,,,,Army,,,,,,,,,,,
Nigerians,African American,,,,,,,,,,,,,,,,,,
African American (US),African American,,,,,,,,,,,,,,,,,,
Slavery in the United States,African American,,,,,,,,,,,,,,,,,,
Black panther,African American,,,,,,,,,,,,,,,,,,
Field of study: Human rights,,Progressive,,,,,,,,,,,,,,,,,
St. Loui,,,,,,,,,,,,,,,,,,Geographic,
People who like United Muslims of America.. Friends ofconnections: Friends of people who are connected to United Muslims of America,,,,Islam,,,,,,,,,,,,,,,
Flag of the United States,,,,,,,,,,,,,Patriotism,,,,,,
Car dealership,,,,,,,,,,,,,,,Products,,,,
African American,African American,,,,,,,,,,,,,,,,,,
Afrocentric education,African American,,,,,,,,,,,,,,,,,,
State of Palestine,,,,,,,,,,,,,,,,,Unknown,,
Detention (imprisonment),,,,,,,,,,,,,,,,,,,Prison
Laura Ingraham,,,Conservative,,,,,,,,,,,,,,,,
Malcolm X,African American,,,,,,,,,,,,,,,,,,
Islam in the United States,,,,Islam,,,,,,,,,,,,,,,
School: Islam,,,,Islam,,,,,,,,,,,,,,,
BuzzFeed,,,,,,,,,,,,,,Memes,,,,,
Facebook access (mobile): smartphones and tablGeneration: Millennials,,,,,,,,,,,,,,,,,Unknown,,
Multicultural Affinity: African American (US),African American,,,,,,,,,,,,,,,,,,
d 95 people interested - 18 people going  * Comment,,,,,,,,,,,,,,,,,Unknown,,
African-American history.Malcolm X,African American,,,,,,,,,,,,,,,,,,
Society,,,,,,,,,,,,,,,,,Unknown,,
AnythingAbout Guns. Guns & Patriots. Gun Rights,,,,,,,,,,,,Gun Rights,,,,,,,
Fox News Politics,,,Conservative,,,,,,,,,,,,,,,,
Jesus Christ,,,,,Christianity,,,,,,,,,,,,,,
African America(US),African American,,,,,,,,,,,,,,,,,,
Multicultural AffinityHispanic(US - English dominant),,,,,,Latinx,,,,,,,,,,,,,
Guns & Patriots,,,,,,,,,,,,Gun Rights,,,,,,,
BLACK BUSINESS GLOBAL,African American,,,,,,,,,,,,,,,,,,
Freckle,,,,,,,,,,,,,,,,,Unknown,,
Native American Indian Wisdom,,,,,,,,,,,,,,,,Native American,,,
SoundCloud. Vevo,,,,,,,,,,,,,,,Products,,,,
Law Enforcement Life,,,,,,,,,Police,,,,,,,,,,
Malcolm X. Employers: Syria,African American,,,,,,,,,,,,,,,,,,
Sister 2 Sister,African American,,,,,,,,,,,,,,,,,,
Thursday,,,,,,,,,,,,,,,,,Unknown,,
Phaedra Parks,African American,,,,,,,,,,,,,,,,,,
US Military Veterans,,,,,,,,Army,,,,,,,,,,,
Sergeant,,,,,,,,Army,,,,,,,,,,,
Hispanic and latino american culture,,,,,,Latinx,,,,,,,,,,,,,
vietnamveterans america,,,,,,,,Army,,,,,,,,,,,
Veterans,,,,,,,,Army,,,,,,,,,,,
LGBT Equality,,,,,,,LGBTQ,,,,,,,,,,,,
The Thin Blue Line (emblem). Police Wives Unite. Police officer. National Police Wives Association,,,,,,,,,Police,,,,,,,,,,
Imam,,,,Islam,,,,,,,,,,,,,,,
Black Knowledge,African American,,,,,,,,,,,,,,,,,,
Self-defense (United States),,,,,,,,,,,,,,,,,,,Self-Defense
Jr.,,,,,,,,,,,,,,,,,Unknown,,
Prison-industrial complex,,Progressive,,,,,,,,,,,,,,,,,Prison
Pentecostalism,,,,,Christianity,,,,,,,,,,,,,,
Remembrance Day,,,,,,,,Army,,,,,,,,,,,
My Black is Beautiful.Black is beautiful,African American,,,,,,,,,,,,,,,,,,
Protect thSecond Amendment,,,,,,,,,,,,Gun Rights,,,,,,,
Friends of connectioFriends of people who are connected to Don't Shoot,,Progressive,,,,,,,,,,,,,,,,,
Manufacturing,,,,,,,,,,,,,,,,,Unknown,,
Sunnah,,,,Islam,,,,,,,,,,,,,,,
Chicano Movement,,,,,,Latinx,,,,,,,,,,,,,
Multicultural Affinity: AfricaAmerican (US),African American,,,,,,,,,,,,,,,,,,
dustry: Veterans(US),,,,,,,,Army,,,,,,,,,,,
Veterans Advantage,,,,,,,,Army,,,,,,,,,,,
Chicano. Chicano Movement,,,,,,Latinx,,,,,,,,,,,,,
Landscape painting,,,,,,,,,,,,,,,,,Unknown,,
My Black iBeautiful,African American,,,,,,,,,,,,,,,,,,
Police brutality in the United States,,Progressive,,,,,,,,,,,,,,,,,
AfricanAmerican Civil Rights Movement (1954-68),African American,,,,,,,,,,,,,,,,,,
Zakat,,,,Islam,,,,,,,,,,,,,,,
Heroes Behind The Badge,,,,,,,,,Police,,,,,,,,,,
9GAG,,,,,,,,,,,,,,Memes,,,,,
. Black Panther Party,African American,,,,,,,,,,,,,,,,,,
Human migration,,,,,,,,,,,,,,,,,Unknown,,
Being Mexican,,,,,,Latinx,,,,,,,,,,,,,
Sukayna bint Husayn,,,,Islam,,,,,,,,,,,,,,,
Support our Homeless Veterans.,,,,,,,,Army,,,,,,,,,,,
National Police Wives Association,,,,,,,,,Police,,,,,,,,,,
LGBT communityor LGBT social movements,,,,,,,LGBTQ,,,,,,,,,,,,
CNN,,Progressive,,,,,,,,,,,,,,,,,
The Honorable Minister Louis Farrakhan,African American,,,,,,,,,,,,,,,,,,
Keep Texas Working,,,,,,,,,,,,,,,,,,,Texas
National Museum of American History,African American,,,,,,,,,,,,,,,,,,
Human rights,,Progressive,,,,,,,,,,,,,,,,,
Politic,,,,,,,,,,,,,,,,,Unknown,,
Color,,,,,,,,,,,,,,,,,Unknown,,
Hobbies andactivities,,,,,,,,,,,,,,,,,Unknown,,
Imgur,,,,,,,,,,,,,,Memes,,,,,
Ali al-Ridha,,,,Islam,,,,,,,,,,,,,,,
Jesse Jackson,African American,,,,,,,,,,,,,,,,,,
Homosexuality,,,,,,,LGBTQ,,,,,,,,,,,,
Bias,,,,,,,,,,,,,,,,,Unknown,,
Rear Admiral,,,,,,,,Army,,,,,,,,,,,
ApplMusic,,,,,,,,,,,,,,,Products,,,,
Slavery by Another Name,African American,,,,,,,,,,,,,,,,,,
Jesu,,,,,Christianity,,,,,,,,,,,,,,
Google Play Music,,,,,,,,,,,,,,,Products,,,,
Proud to be A Muslim,,,,Islam,,,,,,,,,,,,,,,
Hispanic americaculture,,,,,,Latinx,,,,,,,,,,,,,
